"file","duration","f0","f1","f2","f3","f4","f1_2","f2_2","f3_2","f1_5","f2_5","f3_5","f1_8","f2_8","f3_8","group","vowel","speaker","gmff","g0","gbar","pgroup","pboy","pgirl","pman","pwoman","pheight","pheightc"
"b01aw",242,247,725,1384,2642,4002,725,1384,2642,748,1388,2682,805,1699,2777,"b","aw",1,7.52373091763025,5.50938833662798,7.58793785583556,"g",0.4,0.6,0,0,54.1,-7.28812949640287
"b01iy",237,277,554,3022,3541,4437,548,2981,3459,549,2992,3362,468,3024,3444,"b","iy",1,7.70551515438174,5.62401750618734,7.58793785583556,"b",0.8,0.2,0,0,50.4,-10.9881294964029
"b02aw",327,263,802,1287,2729,3980,763,1214,2704,797,1315,2779,808,1644,3038,"b","aw",2,7.52919597123682,5.57215403217776,7.5646236649636,"b",0.9,0.1,0,0,51.7,-9.68812949640287
"b02iy",317,287,344,3193,3579,4536,319,2944,3444,350,3115,3467,366,3000,3412,"b","iy",2,7.61034510823244,5.65948221575962,7.5646236649636,"b",0.7,0.3,0,0,54.2,-7.18812949640287
"b03aw",334,207,805,1299,2582,4242,808,1335,2501,818,1317,2600,806,1387,2613,"b","aw",3,7.52449025980781,5.33271879326537,7.62808136216957,"b",0.5,0.2,0,0.3,59.2,-2.18812949640287
"b03iy",277,219,441,3081,3975,4643,439,3057,4071,441,3065,4061,446,3103,3789,"b","iy",3,7.71312276972944,5.3890717298165,7.62808136216957,"g",0.3,0.7,0,0,54.3,-7.08812949640288
"b04aw",304,244,817,1329,2965,4583,825,1314,3001,856,1409,2978,852,1759,3013,"b","aw",4,7.60928107161517,5.4971682252932,7.60529070432203,"b",0.6,0.4,0,0,52.8,-8.58812949640288
"b04iy",318,260,509,2873,3475,4442,506,2860,3440,499,2972,3362,497,2934,3224,"b","iy",4,7.67960425492493,5.56068163101553,7.60529070432203,"g",0.2,0.7,0,0.1,57.3,-4.08812949640288
"b05aw",236,199,780,1236,3360,4301,777,1265,3328,810,1355,3377,858,1670,3192,"b","aw",5,7.59689697875613,5.29330482472449,7.60073835102199,"b",1,0,0,0,53.5,-7.88812949640288
"b05iy",242,244,475,3203,3253,4553,481,3166,3202,483,3145,3244,455,3129,3374,"b","iy",5,7.68344053058174,5.4971682252932,7.60073835102199,"b",0.6,0.3,0,0.1,53.3,-8.08812949640288
"b07aw",378,301,891,1383,3039,4250,896,1383,3039,952,1450,3150,933,1675,3061,"b","aw",6,7.62456764521002,5.70711026474888,7.618460618404,"b",0.9,0.1,0,0,50.5,-10.8881294964029
"b07iy",310,307,488,3063,4430,4922,445,3033,4366,489,3074,4447,501,2984,4296,"b","iy",6,7.77016460807345,5.7268477475872,7.618460618404,"b",0.7,0.3,0,0,48.8,-12.5881294964029
"b08aw",353,207,610,993,2946,3984,590,1016,2826,765,1088,2890,733,1650,3064,"b","aw",7,7.4591915789579,5.33271879326537,7.55603005134827,"b",0.8,0.2,0,0,53.8,-7.58812949640288
"b08iy",241,220,434,3127,3566,4488,434,3130,3542,433,3121,3596,432,3184,3600,"b","iy",7,7.67863970251789,5.39362754635236,7.55603005134827,"b",0.8,0.2,0,0,54,-7.38812949640288
"b09aw",313,238,845,1111,3049,4043,846,1132,3026,834,1121,3012,826,1412,2935,"b","aw",8,7.5308460808408,5.47227067367148,7.57749876327475,"b",0.9,0.1,0,0,52.5,-8.88812949640288
"b09iy",296,251,501,2760,3262,4606,498,2767,3201,503,2963,3270,512,3026,3312,"b","iy",8,7.67770048610866,5.52545293913178,7.57749876327475,"b",0.8,0.2,0,0,50,-11.3881294964029
"b10aw",316,208,695,1288,3014,3966,671,1247,2889,707,1286,2873,751,1615,2663,"b","aw",9,7.50268151586004,5.33753807970132,7.58963579422824,"b",1,0,0,0,56,-5.38812949640288
"b10iy",266,222,424,3198,3818,4465,408,3228,3726,429,3215,3867,443,3154,3764,"b","iy",9,7.69237987291187,5.40267738187228,7.58963579422824,"b",0.8,0.1,0,0.1,55.3,-6.08812949640288
"b11aw",331,194,761,1310,2801,4157,765,1322,2825,764,1364,2781,761,1638,2825,"b","aw",10,7.53892640948784,5.26785815906333,7.55854007304477,"b",0.7,0.2,0,0.1,58.3,-3.08812949640288
"b11iy",254,207,429,2984,3348,3988,436,2985,3383,421,3013,3345,380,2901,3329,"b","iy",10,7.60876543087102,5.33271879326537,7.55854007304477,"b",0.8,0.1,0,0.1,55.7,-5.68812949640287
"b12aw",369,251,985,1630,2989,4393,984,1630,2988,817,1649,3128,694,1826,3057,"b","aw",11,7.64826995455644,5.52545293913178,7.65847478966966,"g",0.2,0.8,0,0,53.2,-8.18812949640287
"b12iy",349,262,516,3126,3621,4657,538,3196,3746,516,3126,3645,515,3129,3627,"b","iy",11,7.74013195079571,5.5683445037611,7.65847478966966,"g",0.2,0.8,0,0,49.9,-11.4881294964029
"b13aw",322,210,875,1402,2830,3802,929,1402,2826,817,1397,2829,842,1710,2822,"b","aw",12,7.56175326425038,5.34710753071747,7.57072545418038,"b",0.9,0.1,0,0,56.2,-5.18812949640287
"b13iy",234,239,476,2772,3371,4505,478,2815,3394,443,2808,3370,431,2772,3233,"b","iy",12,7.64628975721754,5.47646355193151,7.57072545418038,"b",0.8,0.2,0,0,55,-6.38812949640288
"b14aw",243,206,950,1246,2853,3961,953,1234,2836,939,1325,2900,813,1746,2907,"b","aw",13,7.57201313759526,5.32787616878958,7.55234164741192,"b",0.5,0.5,0,0,54.2,-7.18812949640287
"b14iy",327,203,421,3337,2935,4471,416,3344,2990,420,3350,2945,422,3318,3028,"b","iy",13,7.63891526762553,5.31320597904179,7.55234164741192,"b",0.5,0.4,0,0.1,57.7,-3.68812949640287
"b15aw",312,258,750,1251,3003,3805,750,1252,3004,767,1324,3016,807,1836,3011,"b","aw",14,7.53481104201015,5.55295958492162,7.60927560216953,"b",0.7,0.3,0,0,50.3,-11.0881294964029
"b15iy",329,259,446,3011,3587,4693,448,3044,3546,461,3071,3539,444,3013,3360,"b","iy",14,7.68568700359657,5.55682806169954,7.60927560216953,"b",0.5,0.5,0,0,54,-7.38812949640288
"b16aw",367,201,819,1074,2918,3814,830,1084,2894,796,1001,2938,901,1574,2708,"b","aw",15,7.49840854157119,5.30330490805908,7.57805664777776,"b",0.9,0.1,0,0,55.1,-6.28812949640287
"b16iy",324,207,428,3070,3068,4507,433,2945,2945,432,3051,2994,428,3063,3102,"b","iy",15,7.62746516835488,5.33271879326537,7.57805664777776,"b",0.9,0.1,0,0,54.1,-7.28812949640287
"b17aw",315,264,744,1093,2898,3829,759,1063,2930,752,1092,2895,763,1757,2931,"b","aw",16,7.49040670249952,5.57594910314632,7.52537527585334,"b",0.9,0.1,0,0,53.8,-7.58812949640288
"b17iy",331,259,493,2811,3117,4237,493,2802,2997,497,2831,3116,500,2754,3177,"b","iy",16,7.63357688285366,5.55682806169954,7.52537527585334,"b",0.9,0.1,0,0,54,-7.38812949640288
"b18aw",269,249,808,1467,2997,3931,818,1449,2780,807,1478,2990,821,1562,2909,"b","aw",17,7.56548783911165,5.51745289646471,7.5753633448471,"b",0.7,0.2,0,0.1,54.4,-6.98812949640288
"b18iy",269,285,504,2803,3130,4503,508,2598,2938,504,2698,3015,490,2809,3358,"b","iy",17,7.64540981596039,5.65248918026865,7.5753633448471,"b",1,0,0,0,53,-8.38812949640288
"b19aw",294,222,820,1356,2700,3925,818,1357,2716,830,1399,2720,816,1848,2743,"b","aw",18,7.54789429997393,5.40267738187228,7.61338704361895,"b",0.9,0.1,0,0,54,-7.38812949640288
"b19iy",288,228,442,3135,3300,4726,488,3060,3248,463,3154,3267,477,3035,3338,"b","iy",18,7.68583635921762,5.42934562895444,7.61338704361895,"g",0.2,0.8,0,0,56.8,-4.58812949640288
"b21aw",376,240,831,1794,2566,3653,813,1794,2573,839,1739,2553,917,1770,2513,"b","aw",19,7.56820562048188,5.48063892334199,7.51319144207389,"b",1,0,0,0,53.4,-7.98812949640288
"b21iy",398,247,427,2952,3556,4476,435,3021,3543,434,2951,3523,409,2987,3454,"b","iy",19,7.65648829443756,5.50938833662798,7.51319144207389,"b",0.7,0.2,0,0.1,55.2,-6.18812949640287
"b22aw",384,249,746,1309,2957,3929,746,1309,2957,735,1439,2929,723,1635,2896,"b","aw",20,7.52998714138061,5.51745289646471,7.58804217396545,"b",0.8,0.2,0,0,52.1,-9.28812949640287
"b22iy",325,260,475,2916,3399,4785,471,2966,3391,476,2994,3326,478,2983,3365,"b","iy",20,7.68843626620602,5.56068163101553,7.58804217396545,"g",0.4,0.6,0,0,52.1,-9.28812949640287
"b23aw",313,268,765,1067,3266,4042,765,1067,3266,1006,1322,3192,996,1678,3121,"b","aw",21,7.57310259535595,5.59098698051086,7.6372624504082,"b",0.5,0.5,0,0,52.6,-8.78812949640287
"b23iy",277,293,366,3207,3722,4806,364,3218,3722,426,3176,3785,498,3091,3718,"b","iy",21,7.69551986186373,5.68017260901707,7.6372624504082,"g",0.2,0.8,0,0,50.2,-11.1881294964029
"b24aw",196,203,770,1010,2411,3703,752,1077,2464,793,1003,2395,804,1491,2359,"b","aw",22,7.42276292719197,5.31320597904179,7.54722408748992,"b",0.9,0.1,0,0,53.8,-7.58812949640288
"b24iy",205,213,424,3199,3815,4500,432,3166,3772,437,3181,3579,437,3076,3695,"b","iy",22,7.68950882944289,5.36129216570943,7.54722408748992,"b",0.8,0.2,0,0,54.2,-7.18812949640287
"b25aw",340,213,839,1240,2636,3840,843,1246,2636,856,1289,2695,857,1741,2753,"b","aw",23,7.52723935137,5.36129216570943,7.52796876862498,"b",1,0,0,0,55.1,-6.28812949640287
"b25iy",309,239,382,2987,3458,4167,421,3011,3598,438,3069,3448,387,2877,3356,"b","iy",23,7.62342500727366,5.47646355193151,7.52796876862498,"b",0.4,0.3,0,0.3,57.5,-3.88812949640288
"b26aw",362,220,635,1163,2875,3922,635,1163,2998,633,1206,2889,797,1483,2889,"b","aw",24,7.47232788643961,5.39362754635236,7.54898446746383,"b",0.9,0,0,0.1,55.9,-5.48812949640288
"b26iy",342,218,441,3079,3474,4496,477,3069,3585,438,3062,3456,454,2951,3470,"b","iy",24,7.67601211859072,5.38449506278909,7.54898446746383,"g",0.2,0.5,0,0.3,59.1,-2.28812949640287
"b27aw",250,215,792,1268,2988,3553,784,1268,2940,801,1347,2879,706,1936,3037,"b","aw",25,7.52021199108095,5.37063802812766,7.5872198061656,"b",0.6,0.4,0,0,54.5,-6.88812949640288
"b27iy",241,239,410,2874,3505,4757,397,2866,3506,415,2906,3472,433,2890,3449,"b","iy",25,7.65367372051741,5.47646355193151,7.5872198061656,"b",0.7,0.3,0,0,56.9,-4.48812949640288
"b28aw",267,216,640,929,2654,3529,640,929,2654,678,981,2639,687,1255,2770,"b","aw",26,7.36959889886245,5.37527840768417,7.501307858311,"b",1,0,0,0,55.5,-5.88812949640288
"b28iy",268,240,361,2938,3810,4598,369,2984,3851,391,2967,3768,415,2945,3629,"b","iy",26,7.65202044894756,5.48063892334199,7.501307858311,"b",0.7,0.3,0,0,55.4,-5.98812949640288
"b29aw",305,214,941,1409,2729,3989,934,1410,2733,924,1505,2749,902,1868,2990,"b","aw",27,7.59893429559807,5.36597601502185,7.59499212408436,"b",0.7,0.3,0,0,51.4,-9.98812949640288
"b29iy",269,255,366,3024,3867,4832,381,3007,3857,375,3046,3864,414,2989,3717,"b","iy",27,7.67347561864091,5.54126354515843,7.59499212408436,"b",0.5,0.5,0,0,51.1,-10.2881294964029
"g01aw",349,240,867,1292,3296,4043,891,1293,3326,888,1431,3302,738,1826,3133,"g","aw",28,7.60224796377796,5.48063892334199,7.57318071442077,"b",0.8,0.2,0,0,52.9,-8.48812949640288
"g01iy",314,222,389,3068,3544,4184,382,3034,3419,392,3059,3495,382,3078,3441,"g","iy",28,7.61867451039851,5.40267738187228,7.57318071442077,"b",0.9,0.1,0,0,53.7,-7.68812949640287
"g02aw",249,217,875,1501,3294,4314,867,1504,3267,955,1604,3183,802,1941,3341,"g","aw",29,7.65741506368738,5.37989735354046,7.65297499674325,"b",0.6,0.4,0,0,50.1,-11.2881294964029
"g02iy",248,246,498,3451,4100,4757,498,3451,4100,444,3388,4040,388,3386,4011,"g","iy",29,7.75837741553781,5.50533153593236,7.65297499674325,"g",0.2,0.8,0,0,51,-10.3881294964029
"g04aw",430,244,885,1415,3196,4086,930,1306,3246,918,1438,3138,888,1953,3311,"g","aw",30,7.6301342863219,5.4971682252932,7.64444758370154,"g",0.2,0.8,0,0,51.2,-10.1881294964029
"g04iy",324,294,463,3225,3699,4423,429,3194,3794,462,3203,3667,449,3191,3796,"g","iy",30,7.70084639170827,5.68357976733868,7.64444758370154,"b",0.5,0.5,0,0,50.7,-10.6881294964029
"g05aw",368,210,882,1309,2834,4171,901,1284,2836,928,1402,2795,874,1952,2882,"g","aw",31,7.59336839710146,5.34710753071747,7.61604665113486,"b",1,0,0,0,52.8,-8.58812949640288
"g05iy",305,239,475,3320,3197,4612,475,3320,3211,447,3322,3201,436,3141,3341,"g","iy",31,7.68488166941229,5.47646355193151,7.61604665113486,"b",0.8,0.2,0,0,54.1,-7.28812949640287
"g06aw",300,224,888,1266,2632,3959,887,1252,2712,898,1287,2564,880,1517,2609,"g","aw",32,7.53434731721827,5.41164605185504,7.5839126987822,"b",0.7,0.3,0,0,53.5,-7.88812949640288
"g06iy",230,250,478,2997,3755,4961,481,2999,3749,488,3020,3833,496,2973,3647,"g","iy",32,7.73216945005847,5.52146091786225,7.5839126987822,"b",0.9,0.1,0,0,51.4,-9.98812949640288
"g07aw",342,233,697,1358,2263,3640,744,1293,2238,696,1357,2271,685,1420,2269,"g","aw",33,7.42345861533906,5.4510384535657,7.52516622182628,"b",0.5,0.5,0,0,55.6,-5.78812949640287
"g07iy",386,250,457,2776,4268,5050,456,2740,4257,456,2941,4351,465,2953,4337,"g","iy",33,7.74438509691878,5.52146091786225,7.52516622182628,"b",0.5,0.2,0,0.3,60.2,-1.18812949640287
"g08aw",377,270,787,1234,2924,3939,794,1151,2867,791,1220,2940,811,1561,2937,"g","aw",34,7.5231709458216,5.59842195899838,7.60462983818728,"b",0.5,0.5,0,0,50.3,-11.0881294964029
"g08iy",390,263,507,3319,3823,4468,492,3346,3773,501,3208,3739,500,3395,4835,"g","iy",34,7.75612603744488,5.57215403217776,7.60462983818728,"g",0.1,0.9,0,0,51.2,-10.1881294964029
"g09aw",425,301,932,1445,3107,4639,932,1445,3107,945,1422,3208,959,1502,3113,"g","aw",35,7.65540191579686,5.70711026474888,7.65859946396475,"b",0.5,0.5,0,0,51,-10.3881294964029
"g09iy",399,294,503,3256,4056,4720,489,3265,4076,519,3313,4028,553,3136,3939,"g","iy",35,7.77216154797546,5.68357976733868,7.65859946396475,"g",0.1,0.9,0,0,49,-12.3881294964029
"g10aw",285,226,893,1563,3131,4306,916,1566,3115,898,1492,3144,872,1856,2733,"g","aw",36,7.64130084641039,5.42053499927229,7.64310111420992,"g",0.4,0.6,0,0,52,-9.38812949640288
"g10iy",292,222,456,3389,4027,4701,485,3257,3994,453,3389,4065,434,3253,4013,"g","iy",36,7.74693527663572,5.40267738187228,7.64310111420992,"g",0.1,0.9,0,0,50.3,-11.0881294964029
"g11aw",380,232,898,1359,2850,3943,896,1350,2850,897,1430,2945,844,2044,3287,"g","aw",37,7.59751928436743,5.44673737166631,7.57425322646638,"g",0.4,0.6,0,0,53.5,-7.88812949640288
"g11iy",282,238,465,2875,3699,4242,456,2779,3669,448,2837,3557,453,2892,3487,"g","iy",37,7.65419990933572,5.47227067367148,7.57425322646638,"g",0.4,0.5,0,0.1,55,-6.38812949640288
"g12aw",323,241,952,1665,3063,4440,883,1462,3137,954,1655,3054,947,2004,3105,"g","aw",38,7.67576488810279,5.48479693349065,7.66913472024357,"g",0.2,0.8,0,0,51.3,-10.0881294964029
"g12iy",304,212,436,3340,3862,5060,422,3312,3983,447,3351,3881,420,3295,3898,"g","iy",38,7.7436846941349,5.35658627467201,7.66913472024357,"g",0.1,0.9,0,0,50,-11.3881294964029
"g13aw",339,234,823,1356,3419,4248,796,1278,3460,837,1359,3420,871,1852,3271,"g","aw",39,7.62056760835198,5.4553211153577,7.61958301997769,"g",0.4,0.6,0,0,53.9,-7.48812949640288
"g13iy",396,278,464,3104,3692,4710,323,3247,3930,463,3070,3673,503,3097,3656,"g","iy",39,7.70014936253231,5.62762111369064,7.61958301997769,"g",0.1,0.9,0,0,52.2,-9.18812949640287
"g14aw",332,214,854,1109,2960,4255,861,1164,2942,856,1141,2913,828,1295,2974,"g","aw",40,7.53961616655436,5.36597601502185,7.5166431368505,"b",0.5,0.2,0,0.3,62.1,0.711870503597126
"g14iy",320,220,432,2688,3161,3954,441,2758,3075,430,2729,3134,413,2763,3149,"g","iy",40,7.57648883889769,5.39362754635236,7.5166431368505,"b",0.5,0.2,0,0.3,62,0.611870503597125
"g15aw",360,239,894,1366,3371,4038,877,1391,3416,882,1381,3345,911,1681,3269,"g","aw",41,7.6227966302878,5.47646355193151,7.64253159393883,"b",0.6,0.4,0,0,51.2,-10.1881294964029
"g15iy",357,251,477,3266,3889,4683,478,3183,3918,465,3270,3867,452,3200,3741,"g","iy",41,7.73416013485255,5.52545293913178,7.64253159393883,"g",0.2,0.8,0,0,52.2,-9.18812949640287
"g17aw",291,233,757,1242,3288,4072,770,1279,3285,868,1378,3333,866,1629,3306,"g","aw",42,7.5853806120288,5.4510384535657,7.62663195594365,"b",0.5,0.5,0,0,51.7,-9.68812949640287
"g17iy",266,273,466,3004,3634,4716,476,3005,3650,469,3004,3615,495,2977,3536,"g","iy",42,7.70536897210233,5.60947179518496,7.62663195594365,"b",0.6,0.4,0,0,52.4,-8.98812949640288
"g18aw",441,215,1062,1151,3233,3994,1063,1100,3212,1048,1265,3121,888,1862,3480,"g","aw",43,7.62067257114115,5.37063802812766,7.63390267818479,"b",0.6,0.4,0,0,50.5,-10.8881294964029
"g18iy",343,222,436,3443,3843,4756,436,3443,3843,444,3384,3901,482,3367,3819,"g","iy",43,7.7412024711781,5.40267738187228,7.63390267818479,"g",0.2,0.8,0,0,50.4,-10.9881294964029
"g19aw",218,221,1090,1465,2981,3936,1103,1458,2978,1107,1557,2766,1103,1827,2752,"g","aw",44,7.65039007247245,5.39816270151775,7.65391127429761,"b",0.5,0.5,0,0,53.2,-8.18812949640287
"g19iy",193,237,479,3093,3755,4256,480,3086,3773,471,3078,3750,455,3159,3743,"g","iy",44,7.69563621063792,5.46806014113513,7.65391127429761,"b",0.5,0.5,0,0,50.5,-10.8881294964029
"g20aw",274,246,998,1368,3282,3929,998,1368,3282,1003,1455,3344,929,1956,3396,"g","aw",45,7.65014051557086,5.50533153593236,7.65564407564395,"g",0.3,0.7,0,0,53,-8.38812949640288
"g20iy",243,232,469,3278,4165,4695,488,3288,4249,461,3291,4180,478,3261,4113,"g","iy",45,7.76197405906465,5.44673737166631,7.65564407564395,"g",0.1,0.9,0,0,49.8,-11.5881294964029
"g21aw",259,218,1001,1488,3149,4058,1001,1488,3149,868,1548,3273,784,1849,3076,"g","aw",46,7.63711975867724,5.38449506278909,7.62844983744612,"b",0.8,0.2,0,0,53.3,-8.08812949640288
"g21iy",258,238,472,3120,3574,4588,483,3152,3677,472,3120,3574,471,3132,3579,"g","iy",46,7.70784995531492,5.47227067367148,7.62844983744612,"b",0.5,0.5,0,0,53.3,-8.08812949640288
"m01aw",330,177,699,996,2548,3443,697,996,2548,731,1033,2554,688,1394,2539,"m","aw",47,7.38498447070763,5.17614973257383,7.39092425521696,"m",0,0,0.9,0.1,66.9,5.51187050359713
"m01iy",339,172,328,2418,2939,3421,331,2432,2924,332,2438,2859,357,2458,2856,"m","iy",47,7.43149339699163,5.14749447681345,7.39092425521696,"m",0,0,1,0,66.2,4.81187050359713
"m02aw",289,106,644,856,2627,3360,593,847,2547,615,881,2633,632,906,2603,"m","aw",48,7.29642663317583,4.66343909411207,7.34175687492219,"m",0.1,0,0.9,0,71.2,9.81187050359713
"m02iy",236,108,305,2320,3072,4047,305,2321,3075,293,2339,3054,296,2308,3007,"m","iy",48,7.4455513377801,4.68213122712422,7.34175687492219,"m",0,0,1,0,69.8,8.41187050359712
"m03aw",355,93,647,926,2785,3345,647,936,2799,672,1002,2771,651,1106,2619,"m","aw",49,7.35322679175508,4.53259949315326,7.35783424568189,"m",0,0,1,0,71.7,10.3118705035971
"m03iy",315,96,331,2311,2865,4042,309,2324,2828,344,2341,2790,309,2311,2757,"m","iy",49,7.44318849540101,4.56434819146784,7.35783424568189,"m",0,0,1,0,73.3,11.9118705035971
"m04aw",347,131,694,970,2746,3760,702,985,2746,743,998,2739,724,1354,2616,"m","aw",50,7.42047814025757,4.87519732320115,7.41530022661158,"m",0.4,0,0.6,0,68.2,6.81187050359713
"m04iy",240,134,353,2385,3400,3929,350,2366,3502,353,2385,3400,357,2321,3447,"m","iy",50,7.51344966789952,4.89783979995091,7.41530022661158,"m",0.2,0,0.8,0,69.3,7.91187050359712
"m06aw",250,115,740,999,2691,3762,706,965,2636,811,1025,2696,707,1070,2627,"m","aw",51,7.4119338243894,4.74493212836325,7.37652298328344,"m",0.1,0,0.9,0,66,4.61187050359712
"m06iy",241,122,367,2390,2777,3449,375,2332,2792,369,2375,2777,365,2391,2714,"m","iy",51,7.43818971741307,4.80402104473326,7.37652298328344,"m",0.1,0,0.9,0,68.9,7.51187050359713
"m07aw",292,96,642,949,2437,3663,642,955,2437,679,1051,2440,631,1597,2723,"m","aw",52,7.37987770156182,4.56434819146784,7.40168626217106,"m",0.3,0,0.7,0,69.8,8.41187050359712
"m07iy",259,101,346,2379,3217,3790,346,2379,3217,342,2442,3231,340,2377,3209,"m","iy",52,7.48417674382146,4.61512051684126,7.40168626217106,"m",0.2,0,0.8,0,70.1,8.71187050359712
"m08aw",294,120,651,1033,2477,3559,736,1041,2555,692,1061,2507,688,1358,2457,"m","aw",53,7.38906865523769,4.78749174278205,7.37245695838273,"m",0.2,0,0.8,0,69.9,8.51187050359713
"m08iy",298,164,312,2402,2849,3508,314,2413,2857,316,2423,2920,344,2443,2971,"m","iy",53,7.42466598915245,5.0998664278242,7.37245695838273,"m",0,0,0.9,0.1,67.2,5.81187050359713
"m09aw",342,123,620,1068,2634,3844,616,1061,2643,632,1120,2565,580,1421,2618,"m","aw",54,7.39865486069521,4.81218435537242,7.3718888357268,"m",0.3,0,0.7,0,70.2,8.81187050359713
"m09iy",341,129,355,2049,2921,3543,364,2042,2912,333,2074,2922,314,2122,2916,"m","iy",54,7.40475830028332,4.85981240436167,7.3718888357268,"m",0.1,0,0.9,0,71.7,10.3118705035971
"m10aw",296,151,637,923,2722,3230,645,972,2698,633,929,2699,613,1020,2574,"m","aw",55,7.32173111878274,5.01727983681492,7.36522929109596,"m",0.1,0,0.9,0,67.1,5.71187050359712
"m10iy",223,163,320,2300,3038,3546,325,2324,3066,318,2309,2986,323,2262,2872,"m","iy",55,7.42237334171483,5.09375020080676,7.36522929109596,"m",0,0,1,0,68,6.61187050359712
"m11aw",363,162,695,1108,2384,3683,702,1095,2378,682,1104,2349,677,1185,2296,"m","aw",56,7.38316946772657,5.08759633523238,7.35819660916896,"m",0.2,0,0.8,0,66.9,5.51187050359713
"m11iy",323,160,315,2253,2886,3486,318,2256,2845,314,2270,2886,318,2271,2740,"m","iy",56,7.39707947030347,5.07517381523383,7.35819660916896,"m",0,0,1,0,69.8,8.41187050359712
"m13aw",283,104,664,1024,2639,3353,653,1022,2571,673,1013,2634,664,1114,2609,"m","aw",57,7.35818055975295,4.64439089914137,7.37004705795808,"m",0.1,0,0.9,0,70,8.61187050359712
"m13iy",229,106,327,2257,2943,3478,358,2222,2933,348,2242,2945,317,2260,2925,"m","iy",57,7.4190328941553,4.66343909411207,7.37004705795808,"m",0,0,1,0,71.2,9.81187050359713
"m14aw",248,108,664,1043,2575,3541,656,1037,2579,659,1059,2584,629,1251,2494,"m","aw",58,7.37413605421821,4.68213122712422,7.38670889839233,"m",0.3,0,0.7,0,69.6,8.21187050359712
"m14iy",256,106,329,2514,3073,4067,329,2504,3085,331,2494,2947,338,2424,2949,"m","iy",58,7.48578105505263,4.66343909411207,7.38670889839233,"m",0.1,0,0.9,0,71.8,10.4118705035971
"m16aw",223,142,628,1069,2689,3375,628,1071,2683,619,1068,2646,609,1208,2591,"m","aw",59,7.36093229362354,4.95582705760126,7.33116251471129,"m",0,0,0.9,0.1,70.7,9.31187050359713
"m16iy",179,142,311,2274,2510,3497,311,2248,2540,311,2254,2518,319,2128,2566,"m","iy",59,7.36268658561748,4.95582705760126,7.33116251471129,"m",0,0,1,0,69.2,7.81187050359713
"m17aw",278,142,634,987,2305,3747,636,987,2286,630,975,2307,599,1224,2310,"m","aw",60,7.33817687530408,4.95582705760126,7.33292063284021,"m",0.2,0,0.8,0,68.8,7.41187050359712
"m17iy",261,165,322,2282,2746,4072,316,2251,2916,321,2290,2709,324,2306,2851,"m","iy",60,7.43857371313346,5.10594547390058,7.33292063284021,"m",0,0,1,0,70,8.61187050359712
"m18aw",320,146,662,1001,2744,3642,651,993,2771,698,1051,2780,694,1170,2677,"m","aw",61,7.39775968303174,4.98360662170834,7.39946143396172,"m",0.4,0,0.6,0,66.1,4.71187050359712
"m18iy",273,143,364,2366,3042,3397,367,2353,3057,348,2395,3100,364,2387,3116,"m","iy",61,7.45592000608552,4.96284463025991,7.39946143396172,"m",0,0,1,0,69.4,8.01187050359713
"m19aw",274,154,653,1020,2810,3859,654,998,2816,681,1060,2753,632,1401,2569,"m","aw",62,7.41686234531697,5.03695260241363,7.42535043025671,"m",0.3,0,0.7,0,66.8,5.41187050359712
"m19iy",232,160,350,2462,2921,4058,353,2391,2972,350,2492,2919,364,2435,2886,"m","iy",62,7.490206520195,5.07517381523383,7.42535043025671,"m",0,0,0.9,0.1,69.1,7.71187050359712
"m20aw",287,138,648,1013,2473,3455,648,1019,2468,632,1062,2455,596,1432,2555,"m","aw",63,7.35845298005818,4.92725368515721,7.39696585450021,"m",0.2,0,0.8,0,65.4,4.01187050359713
"m20iy",263,161,314,2368,3378,4166,311,2284,3331,315,2369,3379,319,2320,3317,"m","iy",63,7.48981527648771,5.08140436498446,7.39696585450021,"m",0,0,1,0,68.9,7.51187050359713
"m21aw",253,107,631,1019,2219,3575,629,1013,2206,652,1007,2245,667,1350,2168,"m","aw",64,7.3357976334188,4.67282883446191,7.35656080109769,"m",0.1,0,0.9,0,70.8,9.41187050359712
"m21iy",153,129,328,2123,3444,4195,352,2118,3455,313,2139,3524,310,2150,3626,"m","iy",64,7.48883428411224,4.85981240436167,7.35656080109769,"m",0,0,1,0,70.8,9.41187050359712
"m22aw",316,120,688,1139,2549,3782,693,1127,2541,751,1174,2526,727,1408,2479,"m","aw",65,7.43464213753309,4.78749174278205,7.4167749062752,"m",0.3,0,0.7,0,66.1,4.71187050359712
"m22iy",251,127,372,2280,2710,3587,372,2298,2786,372,2280,2710,373,2273,2729,"m","iy",65,7.43778238259664,4.84418708645859,7.4167749062752,"m",0.1,0,0.9,0,69.2,7.81187050359713
"m23aw",292,111,696,983,2603,3892,687,981,2609,693,997,2617,682,1314,2594,"m","aw",66,7.4085689618169,4.70953020131233,7.39094157399064,"m",0.2,0,0.8,0,68.5,7.11187050359712
"m23iy",265,121,367,2244,3042,3490,364,2256,3036,360,2230,2955,373,2247,2859,"m","iy",66,7.44333412356053,4.79579054559674,7.39094157399064,"m",0.3,0,0.7,0,68.9,7.51187050359713
"m24aw",248,127,691,1111,2439,3699,691,1111,2439,729,1112,2377,684,1484,2393,"m","aw",67,7.40963814337587,4.84418708645859,7.42997946134412,"m",0.3,0,0.7,0,65,3.61187050359712
"m24iy",241,133,381,2515,3059,3858,381,2515,3059,373,2540,2942,353,2505,2871,"m","iy",67,7.50201430055479,4.89034912822175,7.42997946134412,"m",0.1,0,0.9,0,68.5,7.11187050359712
"m25aw",249,109,587,941,2371,3553,587,941,2371,615,974,2345,607,1171,2299,"m","aw",68,7.31035665042448,4.69134788222914,7.37796794835491,"m",0.2,0,0.8,0,70.1,8.71187050359712
"m25iy",268,119,352,2254,2888,3827,342,2252,2908,368,2298,2867,367,2273,2863,"m","iy",68,7.4552566072722,4.77912349311153,7.37796794835491,"m",0.1,0,0.9,0,69.5,8.11187050359712
"m26aw",282,111,636,978,2220,3442,629,1007,2195,635,1046,2273,617,1177,2283,"m","aw",69,7.31487814595757,4.70953020131233,7.34423092231616,"m",0.1,0,0.9,0,70,8.61187050359712
"m26iy",271,115,323,2269,2943,3857,314,2334,2995,327,2286,2943,329,2257,2872,"m","iy",69,7.43901624497561,4.74493212836325,7.34423092231616,"m",0.1,0,0.9,0,70,8.61187050359712
"m27aw",171,103,686,1064,2432,3335,678,1048,2495,692,1060,2438,743,1069,2428,"m","aw",70,7.35790131848791,4.63472898822964,7.37306766872277,"m",0.3,0,0.7,0,67.3,5.91187050359712
"m27iy",218,117,338,2329,2945,3733,355,2247,3075,346,2317,3030,347,2331,2939,"m","iy",70,7.45528066890049,4.76217393479776,7.37306766872277,"m",0,0,1,0,69.8,8.41187050359712
"m28aw",222,122,681,1060,2863,3640,703,1060,2828,769,1144,2806,637,1501,2752,"m","aw",71,7.43965661469855,4.80402104473326,7.40914977206468,"m",0.1,0,0.9,0,67.8,6.41187050359712
"m28iy",194,175,368,2509,2893,4227,373,2482,2840,344,2499,2825,374,2415,2776,"m","iy",71,7.50285928907869,5.16478597392351,7.40914977206468,"m",0,0,0.9,0.1,69.2,7.81187050359713
"m29aw",226,117,720,1063,2369,3620,711,1063,2368,721,1065,2368,696,1228,2364,"m","aw",72,7.38427113605869,4.76217393479776,7.38125089073294,"m",0.4,0,0.6,0,67.3,5.91187050359712
"m29iy",161,132,309,2385,3219,3647,326,2378,3142,309,2376,3162,314,2351,3034,"m","iy",72,7.44389943260583,4.88280192258637,7.38125089073294,"m",0.1,0,0.9,0,68.5,7.11187050359712
"m30aw",344,92,619,1012,2460,3639,620,1035,2457,624,1121,2441,622,1323,2450,"m","aw",73,7.36342909502464,4.52178857704904,7.3494881622376,"m",0.1,0,0.9,0,69.4,8.01187050359713
"m30iy",282,107,307,2405,3442,3853,301,2437,3429,296,2434,3453,271,2404,3125,"m","iy",73,7.46230591626294,4.67282883446191,7.3494881622376,"m",0,0,1,0,71.9,10.5118705035971
"m31aw",196,155,640,1149,2227,3355,640,1149,2227,662,1069,2195,659,1390,2367,"m","aw",74,7.34792021269721,5.04342511691925,7.37536165823446,"m",0.2,0,0.8,0,66.9,5.51187050359713
"m31iy",202,158,312,2319,2865,3652,360,2287,2831,320,2358,2861,371,2378,2795,"m","iy",74,7.43452785794042,5.06259503302697,7.37536165823446,"m",0.1,0,0.9,0,68.8,7.41187050359712
"m32aw",195,144,633,995,2500,3422,626,987,2501,638,1004,2480,668,1449,2431,"m","aw",75,7.35329511514423,4.969813299576,7.38952340413469,"m",0.1,0,0.9,0,67.6,6.21187050359712
"m32iy",205,166,327,2378,2999,3654,360,2284,3019,332,2374,3020,330,2373,2872,"m","iy",75,7.44631465013132,5.11198778835654,7.38952340413469,"m",0.1,0,0.9,0,68.6,7.21187050359712
"m33aw",268,133,649,1048,2441,3348,643,1048,2438,682,1125,2426,638,1357,2506,"m","aw",76,7.35980033863731,4.89034912822175,7.37011399191124,"m",0.3,0,0.7,0,66.3,4.91187050359712
"m33iy",254,159,314,2506,2963,3945,314,2453,2973,313,2482,2921,326,2352,2821,"m","iy",76,7.45499170720639,5.06890420222023,7.37011399191124,"m",0.3,0,0.6,0.1,67.3,5.91187050359712
"m34aw",239,116,623,1012,2506,3357,626,1012,2506,628,1054,2516,626,1340,2574,"m","aw",77,7.34797925087534,4.75359019110636,7.34837341003504,"m",0,0,1,0,70.2,8.81187050359713
"m34iy",200,130,365,2119,2883,3279,366,2124,2887,352,2130,2869,335,2124,2821,"m","iy",77,7.39670515548536,4.86753445045558,7.34837341003504,"m",0,0,1,0,70.1,8.71187050359712
"m35aw",304,106,645,1049,2507,3468,660,1055,2502,649,1063,2403,638,1097,2318,"m","aw",78,7.34820556532574,4.66343909411207,7.34116852346692,"m",0.1,0,0.9,0,70.9,9.51187050359713
"m35iy",268,113,327,2143,2881,3816,337,2138,2878,323,2135,2867,316,2185,2870,"m","iy",78,7.41739270535948,4.72738781871234,7.34116852346692,"m",0,0,1,0,70.7,9.31187050359713
"m36aw",300,112,645,1063,2565,3454,646,1062,2562,637,1088,2533,640,1228,2400,"m","aw",79,7.3630049818748,4.71849887129509,7.38065514886698,"m",0.2,0,0.8,0,69.9,8.51187050359713
"m36iy",219,135,362,2103,3074,3590,341,2153,3111,355,2122,3086,371,2077,2985,"m","iy",79,7.43683929768653,4.90527477843843,7.38065514886698,"m",0.3,0,0.7,0,68.7,7.31187050359713
"m37aw",202,130,606,991,2135,2814,610,991,2135,615,963,2277,622,1183,2273,"m","aw",80,7.24872220875987,4.86753445045558,7.32218510624813,"m",0,0,1,0,68.9,7.51187050359713
"m37iy",195,137,392,2127,2874,3373,415,2101,2801,394,2140,2900,385,2090,2718,"m","iy",80,7.42692452284114,4.91998092582813,7.32218510624813,"m",0.1,0,0.9,0,70.7,9.31187050359713
"m38aw",229,142,636,1108,2623,3693,639,1093,2620,648,1117,2624,629,1324,2564,"m","aw",81,7.39803081662232,4.95582705760126,7.38151548987515,"m",0.3,0,0.7,0,66.4,5.01187050359713
"m38iy",187,145,308,2190,2819,3861,308,2190,2819,302,2239,2822,302,2245,2680,"m","iy",81,7.40352417726849,4.97673374242057,7.38151548987515,"m",0.1,0,0.9,0,69.8,8.41187050359712
"m39aw",196,124,670,919,2241,3048,670,919,2241,640,932,2199,695,982,2394,"m","aw",82,7.27426433162129,4.82028156560504,7.37556502661971,"m",0,0,1,0,69.6,8.21187050359712
"m39iy",235,184,373,2207,3191,3639,374,2212,3172,371,2281,3206,373,2294,3162,"m","iy",82,7.47593008366267,5.21493575760899,7.37556502661971,"m",0.1,0,0.9,0,64.3,2.91187050359712
"m40aw",281,131,631,1167,2344,3799,630,1169,2350,642,1195,2323,665,1387,2434,"m","aw",83,7.39649749260095,4.87519732320115,7.4123753916773,"m",0.3,0,0.7,0,66.6,5.21187050359712
"m40iy",231,154,343,2502,3035,4001,327,2502,3035,313,2497,2944,321,2491,2867,"m","iy",83,7.47499930671733,5.03695260241363,7.4123753916773,"m",0.1,0,0.9,0,67.3,5.91187050359712
"m41aw",249,134,687,1062,2524,3711,661,1056,2487,685,1085,2546,612,1341,2513,"m","aw",84,7.3933167935338,4.89783979995091,7.37380822201031,"m",0.2,0,0.8,0,70.2,8.81187050359713
"m41iy",221,141,394,2300,2827,3556,404,2245,2830,392,2297,2827,389,2210,2866,"m","iy",84,7.45737830443189,4.94875989037817,7.37380822201031,"m",0,0,1,0,69.2,7.81187050359713
"m42aw",328,131,684,1000,2576,3569,666,979,2591,690,948,2548,691,1069,2525,"m","aw",85,7.36488842902895,4.87519732320115,7.39946066792943,"m",0.2,0,0.8,0,67.7,6.31187050359713
"m42iy",286,157,373,2214,3134,3754,377,2204,3129,353,2276,3108,372,2310,3110,"m","iy",85,7.47624400952707,5.05624580534831,7.39946066792943,"m",0,0,1,0,68.3,6.91187050359712
"m44aw",301,100,684,1001,2833,3572,694,996,2837,684,1049,2829,640,1281,2702,"m","aw",86,7.40349316948407,4.60517018598809,7.3675611742476,"m",0.1,0,0.9,0,70.1,8.71187050359712
"m44iy",291,100,312,2307,2834,3305,306,2326,2869,310,2409,2962,313,2402,3029,"m","iy",86,7.39684590159491,4.60517018598809,7.3675611742476,"m",0,0,1,0,71.4,10.0118705035971
"m45aw",293,184,704,1052,2749,3611,686,955,2680,747,1061,2753,900,1397,2855,"m","aw",87,7.43700771487519,5.21493575760899,7.45796912578776,"b",0.4,0,0.3,0.3,64.2,2.81187050359713
"m45iy",234,216,420,2600,3091,3653,421,2587,3056,432,2640,3138,448,2571,3178,"m","iy",87,7.54361800970063,5.37527840768417,7.45796912578776,"m",0.2,0,0.4,0.4,61.7,0.311870503597127
"m47aw",300,121,591,974,2325,3357,590,982,2326,618,998,2335,617,1164,2219,"m","aw",88,7.29930258027029,4.79579054559674,7.32314730698424,"m",0.1,0,0.9,0,69.7,8.31187050359713
"m47iy",228,159,315,2052,3005,3364,310,2068,3010,317,2061,3020,340,2119,2992,"m","iy",88,7.38409547796356,5.06890420222023,7.32314730698424,"m",0,0,1,0,70.2,8.81187050359713
"m48aw",242,118,611,1067,2491,3636,613,1071,2491,629,1118,2441,628,1250,2435,"m","aw",89,7.3657865676038,4.77068462446567,7.38940935982894,"m",0.3,0,0.7,0,68.3,6.91187050359712
"m48iy",216,130,366,2504,2838,3869,368,2442,2829,366,2504,2751,372,2446,2623,"m","iy",89,7.4762279677011,4.86753445045558,7.38940935982894,"m",0.1,0,0.9,0,68.9,7.51187050359713
"m49aw",293,121,643,931,2630,3351,631,903,2643,668,958,2562,683,1147,2510,"m","aw",90,7.33718845318677,4.79579054559674,7.3938020726504,"m",0,0,0.9,0.1,69.4,8.01187050359713
"m49iy",246,133,370,2536,3332,3849,376,2584,3268,369,2569,3349,363,2509,3258,"m","iy",90,7.5283413928517,4.89034912822175,7.3938020726504,"m",0.4,0,0.6,0,66.9,5.51187050359713
"m50aw",277,109,679,1102,2424,3566,679,1102,2424,646,1070,2354,662,1304,2424,"m","aw",91,7.37661690545534,4.69134788222914,7.39358699451191,"m",0.1,0,0.9,0,70.4,9.01187050359713
"m50iy",228,114,354,2375,3150,3586,363,2363,3207,341,2375,3215,324,2378,3158,"m","iy",91,7.46651436921938,4.7361984483945,7.39358699451191,"m",0.1,0,0.9,0,69.6,8.21187050359712
"w01aw",305,218,815,1200,2783,4015,815,1200,2783,844,1193,2833,831,1414,2825,"w","aw",92,7.52092572675163,5.38449506278909,7.53477897164344,"b",0.4,0.2,0,0.4,61.4,0.0118705035971232
"w01iy",232,234,441,2806,3260,4743,446,2767,3193,441,2815,3260,439,2822,3264,"w","iy",92,7.64449696190346,5.4553211153577,7.53477897164344,"w",0,0,0,1,65,3.61187050359712
"w02aw",464,211,760,1225,2796,3956,762,1227,2818,774,1375,2842,770,1772,2843,"w","aw",93,7.52580531709067,5.35185813347607,7.5412910077893,"w",0.1,0.4,0,0.5,61.8,0.411870503597122
"w02iy",380,222,435,2890,3667,4366,437,2939,3679,435,2884,3663,434,2879,3593,"w","iy",93,7.65795963433899,5.40267738187228,7.5412910077893,"w",0,0.4,0,0.6,62.5,1.11187050359712
"w03aw",326,186,772,1051,2870,3943,766,1053,2936,788,1067,2732,843,1415,2621,"w","aw",94,7.48067364812674,5.2257466737132,7.50522068418492,"w",0.1,0.2,0,0.7,62.9,1.51187050359712
"w03iy",289,192,380,2703,3087,3895,433,2716,3060,380,2703,3087,369,2700,2999,"w","iy",94,7.54037154791418,5.25749537202778,7.50522068418492,"w",0,0.1,0,0.9,64.2,2.81187050359713
"w04aw",379,203,770,1245,2811,4094,747,1242,2785,771,1239,2811,759,1423,2812,"w","aw",95,7.51259087587754,5.31320597904179,7.56475805858164,"w",0.3,0.3,0,0.4,60.8,-0.588129496402878
"w04iy",364,215,428,2767,3627,4627,430,2771,3728,428,2785,3619,430,2774,3540,"w","iy",95,7.65641421167705,5.37063802812766,7.56475805858164,"w",0.1,0.3,0,0.6,61.7,0.311870503597127
"w05aw",363,231,923,1368,2503,3744,919,1355,2498,931,1426,2504,738,1646,2540,"w","aw",96,7.52613791857396,5.44241771052179,7.52858346169757,"b",0.5,0.4,0,0.1,58.2,-3.18812949640287
"w05iy",305,249,346,2703,3510,5524,341,2697,3471,325,2727,3510,328,2707,3416,"w","iy",96,7.62214517792112,5.51745289646471,7.52858346169757,"w",0.2,0.3,0,0.5,61.5,0.111870503597125
"w06aw",363,212,778,1220,2677,4013,817,1275,2903,778,1211,2675,783,1374,2795,"w","aw",97,7.50916482402467,5.35658627467201,7.49238348517157,"w",0.1,0.2,0,0.7,63.6,2.21187050359713
"w06iy",332,221,439,2676,3291,3978,446,2532,3287,437,2690,3283,439,2585,3068,"w","iy",97,7.58181129234804,5.39816270151775,7.49238348517157,"w",0,0,0,1,65.8,4.41187050359712
"w07aw",314,167,809,1097,2646,3795,736,1085,2621,814,1164,2653,820,1395,2547,"w","aw",98,7.46513893295495,5.11799381241676,7.51030118497082,"w",0.3,0.1,0,0.6,63.9,2.51187050359712
"w07iy",281,200,394,2689,3058,4256,410,2710,3064,389,2801,3058,392,2688,3068,"w","iy",98,7.56843080561641,5.29831736654804,7.51030118497082,"w",0,0,0,1,66.3,4.91187050359712
"w08aw",320,242,815,1426,2990,3907,842,1435,3037,819,1429,2955,800,1667,3106,"w","aw",99,7.57392644837828,5.48893772615669,7.59351891172171,"g",0.3,0.7,0,0,54.1,-7.28812949640287
"w08iy",297,264,493,2967,3496,4626,499,2891,3614,493,2967,3496,496,2887,3404,"w","iy",99,7.69687264614904,5.57594910314632,7.59351891172171,"b",0.6,0.3,0,0.1,56.4,-4.98812949640288
"w09aw",309,241,890,1063,2523,3781,840,1020,2491,878,1097,2508,862,1422,2563,"w","aw",100,7.46868005510656,5.48479693349065,7.50582542360163,"b",0.5,0.1,0,0.4,62,0.611870503597125
"w09iy",246,266,442,2850,3157,4155,474,2744,3311,426,2815,3069,321,2876,3072,"w","iy",100,7.58796013742788,5.5834963087817,7.50582542360163,"b",0.6,0,0,0.4,59.9,-1.48812949640288
"w10aw",416,225,771,1170,2760,3765,758,1182,2733,791,1265,2868,789,1601,2820,"w","aw",101,7.49746159118514,5.41610040220442,7.50163587635501,"b",0.6,0.2,0,0.2,60,-1.38812949640288
"w10iy",324,239,477,2866,3236,4195,486,2847,3099,477,2871,3238,468,2820,3220,"w","iy",101,7.63366760785385,5.47646355193151,7.50163587635501,"w",0.1,0.2,0,0.7,62.8,1.41187050359712
"w11aw",380,197,755,1114,2766,3769,739,1116,2802,792,1135,2752,843,1253,2680,"w","aw",102,7.46622549706262,5.28320372873799,7.5165022652381,"w",0.1,0.3,0,0.6,62.2,0.811870503597127
"w11iy",433,203,408,2627,3064,3685,435,2597,3118,419,2656,3028,410,2630,3008,"w","iy",102,7.5363051263018,5.31320597904179,7.5165022652381,"w",0.1,0,0,0.9,64.2,2.81187050359713
"w12aw",397,227,930,1422,2489,3832,928,1431,2470,928,1424,2488,904,1754,2649,"w","aw",103,7.55639095615121,5.4249500174814,7.55784147226336,"g",0.2,0.6,0,0.2,55.5,-5.88812949640288
"w12iy",359,223,435,2868,3625,4714,446,2861,3662,435,2863,3703,433,2828,3605,"w","iy",103,7.67440712663902,5.40717177146012,7.55784147226336,"w",0.1,0.4,0,0.5,61,-0.388129496402875
"w13aw",363,234,697,1142,2507,3983,699,1154,2538,735,1419,2641,711,1738,2639,"w","aw",104,7.47843170188997,5.4553211153577,7.51873310628407,"g",0.2,0.5,0,0.3,60,-1.38812949640288
"w13iy",336,229,438,2813,3532,4314,476,2895,3509,438,2822,3472,439,2761,3439,"w","iy",104,7.64389143513846,5.43372200355424,7.51873310628407,"w",0.1,0.1,0,0.8,65,3.61187050359712
"w14aw",266,223,748,1063,2876,4302,765,1101,2870,777,1053,2826,878,1441,2747,"w","aw",105,7.50963299345293,5.40717177146012,7.53130555997737,"b",0.4,0.3,0,0.3,58.5,-2.88812949640288
"w14iy",261,225,440,2706,3404,4336,438,2694,3389,436,2751,3285,421,2749,3168,"w","iy",105,7.61548716542139,5.41610040220442,7.53130555997737,"w",0.3,0.1,0,0.6,62.8,1.41187050359712
"w15aw",394,229,827,1189,2633,3742,838,1225,2641,848,1370,2693,803,1621,2733,"w","aw",106,7.51005294270882,5.43372200355424,7.49467259810309,"g",0.2,0.5,0,0.3,63,1.61187050359712
"w15iy",321,259,455,2797,3129,4365,440,2767,3142,446,2779,3135,466,2851,3143,"w","iy",106,7.62053530306855,5.55682806169954,7.49467259810309,"w",0.2,0.2,0,0.6,63.2,1.81187050359713
"w16aw",342,201,847,1192,2999,4201,863,1233,2961,844,1185,2996,921,1492,2982,"w","aw",107,7.56429393332495,5.30330490805908,7.57433368453013,"w",0.3,0.1,0,0.6,61.1,-0.288129496402874
"w16iy",278,227,443,2944,3546,4568,448,2957,3555,439,2913,3567,441,2908,3459,"w","iy",107,7.66804660717545,5.4249500174814,7.57433368453013,"g",0.3,0.5,0,0.2,56.6,-4.78812949640287
"w17aw",341,211,794,1185,2896,3708,777,1001,2844,794,1181,2884,830,1420,2864,"w","aw",108,7.48586044068667,5.35185813347607,7.49804524451987,"w",0.1,0.3,0,0.6,64.6,3.21187050359712
"w17iy",240,210,429,2698,3509,4486,432,2678,3508,429,2708,3450,432,2661,3319,"w","iy",108,7.62859889959464,5.34710753071747,7.49804524451987,"w",0.1,0.1,0,0.8,64.4,3.01187050359713
"w19aw",327,241,848,1175,2892,4199,848,1182,2883,846,1182,2980,881,1646,2939,"w","aw",109,7.55778698190286,5.48479693349065,7.55147132612527,"b",0.6,0.4,0,0,56.2,-5.18812949640287
"w19iy",302,247,492,2695,3371,4622,496,2595,3301,496,2698,3355,486,2680,3346,"w","iy",109,7.66032357027722,5.50938833662798,7.55147132612527,"g",0.2,0.6,0,0.2,61.4,0.0118705035971232
"w20aw",344,185,713,1132,2948,3888,690,1038,3270,713,1132,2948,728,1506,2895,"w","aw",110,7.48095951869167,5.22035582507832,7.4983174648818,"b",0.4,0.1,0.1,0.4,60,-1.38812949640288
"w20iy",287,195,382,2563,3477,4105,421,2617,3350,385,2571,3463,402,2616,3616,"w","iy",110,7.57946359526378,5.27299955856375,7.4983174648818,"b",0.5,0,0.1,0.4,62.1,0.711870503597126
"w21aw",465,226,698,1127,2886,3957,698,1133,2896,696,1159,2869,707,1446,2888,"w","aw",111,7.47477144545357,5.42053499927229,7.48437770850053,"b",0.4,0.2,0,0.4,58.9,-2.48812949640288
"w21iy",353,223,434,2512,2998,3875,432,2505,3022,434,2511,2993,437,2493,2869,"w","iy",111,7.53958335923799,5.40717177146012,7.48437770850053,"w",0,0.1,0,0.9,67.2,5.81187050359713
"w22aw",318,191,736,1120,3055,3999,714,1025,3066,762,1159,3051,834,1471,3004,"w","aw",112,7.50597640768388,5.25227342804663,7.52390979985247,"b",0.6,0,0,0.4,59,-2.38812949640288
"w22iy",304,214,435,2621,3116,4553,436,2604,3163,433,2628,3073,435,2577,3043,"w","iy",112,7.60076898213128,5.36597601502185,7.52390979985247,"w",0.4,0,0,0.6,62.9,1.51187050359712
"w23aw",362,209,835,1326,2667,4042,834,1319,2623,819,1301,2609,765,1662,2698,"w","aw",113,7.53178707750549,5.34233425196481,7.50697229680496,"w",0.2,0.3,0,0.5,62.2,0.811870503597127
"w23iy",307,219,433,2634,3307,4293,433,2621,3294,435,2631,3295,444,2673,3029,"w","iy",113,7.60031626793208,5.3890717298165,7.50697229680496,"w",0,0.1,0,0.9,65.7,4.31187050359713
"w24aw",366,247,907,1527,3075,3947,1008,1566,2797,907,1527,3075,944,1755,3101,"w","aw",114,7.62721915083313,5.50938833662798,7.59904105998991,"g",0.2,0.7,0,0.1,54.3,-7.08812949640288
"w24iy",334,272,531,2996,3831,4614,520,3027,3816,524,3007,3806,533,3000,3600,"w","iy",114,7.73639340313161,5.605802066296,7.59904105998991,"g",0.1,0.7,0,0.2,54.9,-6.48812949640288
"w25aw",414,205,811,1254,2824,4143,777,1167,2769,811,1254,2824,805,1619,2846,"w","aw",115,7.53444962698272,5.32300997913841,7.57391204072901,"g",0.3,0.5,0,0.2,58,-3.38812949640288
"w25iy",346,237,467,3009,2818,4701,488,2860,2780,463,3066,2829,482,2886,2866,"w","iy",115,7.63877961336237,5.46806014113513,7.57391204072901,"g",0.2,0.7,0,0.1,57.6,-3.78812949640287
"w26aw",378,180,656,1075,2684,4127,644,1024,2697,671,1073,2707,669,1269,2795,"w","aw",116,7.43372033025624,5.19295685089021,7.46749741684779,"w",0.2,0,0,0.8,65.8,4.41187050359712
"w26iy",336,177,375,2577,3276,4145,437,2534,3219,379,2589,3277,332,2589,3295,"w","iy",116,7.55276261051789,5.17614973257383,7.46749741684779,"w",0,0,0,1,65.2,3.81187050359713
"w27aw",284,244,890,1292,2801,4012,887,1252,2773,890,1398,2875,855,1737,2790,"w","aw",117,7.56698428418664,5.4971682252932,7.53996671858541,"g",0.1,0.5,0,0.4,61,-0.388129496402875
"w27iy",250,252,497,2795,3266,3995,497,2819,3245,498,2769,3253,508,2824,3202,"w","iy",117,7.63227429567399,5.52942908751142,7.53996671858541,"w",0,0.1,0,0.9,63.7,2.31187050359713
"w28aw",262,217,860,1504,2834,3960,871,1474,2780,867,1539,2871,789,1866,3031,"w","aw",118,7.58994688483375,5.37989735354046,7.55596927208128,"b",0.4,0.4,0,0.2,59.3,-2.08812949640288
"w28iy",222,246,495,2910,3293,4396,493,2859,3262,495,2910,3273,507,2828,3335,"w","iy",118,7.66529038768396,5.50533153593236,7.55596927208128,"g",0.2,0.4,0,0.4,61.2,-0.188129496402873
"w29aw",327,212,740,1037,2736,3949,742,1034,2710,877,1182,2774,927,1595,2920,"w","aw",119,7.5006587998554,5.35658627467201,7.55590971909919,"w",0.4,0.1,0,0.5,62.8,1.41187050359712
"w29iy",284,275,508,2731,3669,5883,509,2725,3663,500,2741,3636,400,2752,3813,"w","iy",119,7.74410136845832,5.61677109766657,7.55590971909919,"w",0,0,0,1,65.4,4.01187050359713
"w30aw",319,233,867,1207,2746,3719,844,1191,2660,875,1409,2736,825,1721,2775,"w","aw",120,7.52525109445992,5.4510384535657,7.56221454232954,"w",0.2,0.3,0,0.5,62.5,1.11187050359712
"w30iy",306,233,452,2754,3511,4441,482,2850,3572,453,2755,3540,466,2786,3365,"w","iy",120,7.65707904184434,5.4510384535657,7.56221454232954,"w",0,0.2,0,0.8,62.5,1.11187050359712
"w31aw",384,194,776,1324,2852,4064,797,1217,2870,769,1303,2815,768,1457,2753,"w","aw",121,7.5246064504668,5.26785815906333,7.50245437189081,"w",0.3,0,0.1,0.6,65.1,3.71187050359712
"w31iy",316,237,461,2359,3218,3953,459,2362,3196,435,2364,3149,333,2389,3112,"w","iy",121,7.53743039813548,5.46806014113513,7.50245437189081,"w",0,0,0,1,67,5.61187050359712
"w32aw",287,226,699,1104,2513,5012,728,1090,2463,705,1176,2513,732,1620,2557,"w","aw",122,7.509197848657,5.42053499927229,7.48848420289558,"w",0.2,0,0,0.8,62.2,0.811870503597127
"w32iy",261,216,433,2720,3035,4149,435,2692,3041,423,2741,3019,408,2660,3039,"w","iy",122,7.57535456598755,5.37527840768417,7.48848420289558,"w",0.1,0.1,0,0.8,64.2,2.81187050359713
"w33aw",328,241,906,1386,3066,4442,915,1413,3137,938,1551,3319,938,1842,3318,"w","aw",123,7.65984379872921,5.48479693349065,7.63243288393305,"g",0.2,0.8,0,0,53,-8.38812949640288
"w33iy",257,268,505,2982,3741,4723,504,2984,3739,505,3039,3717,495,3006,3774,"w","iy",123,7.72851951213777,5.59098698051086,7.63243288393305,"g",0.4,0.6,0,0,54.2,-7.18812949640287
"w34aw",253,210,814,1144,2729,4270,791,1161,2703,813,1297,2725,744,1667,2735,"w","aw",124,7.5280836632928,5.34710753071747,7.52587723923195,"w",0,0.2,0,0.8,63.9,2.51187050359712
"w34iy",236,220,434,2854,3614,4107,437,2907,3595,432,2831,3684,434,2858,3669,"w","iy",124,7.63832220078762,5.39362754635236,7.52587723923195,"w",0.1,0.1,0,0.8,63,1.61187050359712
"w35aw",331,207,801,1187,2935,3882,783,1190,2909,862,1190,2902,840,1473,2803,"w","aw",125,7.51921001369536,5.33271879326537,7.53205752042785,"w",0.2,0.1,0,0.7,63.6,2.21187050359713
"w35iy",276,215,426,2775,3535,3990,428,2787,3560,421,2748,3531,425,2810,3505,"w","iy",125,7.61090204068125,5.37063802812766,7.53205752042785,"w",0,0,0,1,65.4,4.01187050359713
"w36aw",422,213,822,1177,2950,3807,828,1137,2946,831,1243,2968,844,1724,2983,"w","aw",126,7.5330358402079,5.36129216570943,7.53291643751757,"b",0.5,0.1,0,0.4,60.4,-0.988129496402877
"w36iy",324,220,424,2692,3336,4372,426,2714,3439,424,2692,3336,428,2701,3230,"w","iy",126,7.61229983617648,5.39362754635236,7.53291643751757,"w",0.3,0,0,0.7,63.3,1.91187050359712
"w37aw",413,196,851,1105,3249,3691,843,1081,3254,878,1207,3279,901,1424,3183,"w","aw",127,7.53775740763588,5.27811465923052,7.55000452934232,"w",0.1,0.1,0,0.8,62.8,1.41187050359712
"w37iy",396,201,380,2816,3312,4323,396,2831,3322,382,2828,3335,382,2818,3314,"w","iy",127,7.59459880648363,5.30330490805908,7.55000452934232,"w",0.1,0,0,0.9,65,3.61187050359712
"w38aw",327,219,825,1213,2751,3743,841,1248,2792,849,1485,2880,755,1941,2929,"w","aw",128,7.53986225315809,5.3890717298165,7.55877738840997,"w",0.1,0.4,0,0.5,60.4,-0.988129496402877
"w38iy",276,223,439,2927,3283,4440,492,2906,3253,478,2906,3241,438,2919,3268,"w","iy",128,7.64985364019021,5.40717177146012,7.55877738840997,"g",0.2,0.6,0,0.2,61.8,0.411870503597122
"w39aw",369,211,752,1101,2616,3732,713,1058,2674,750,1094,2628,782,1482,2610,"w","aw",129,7.44635086421549,5.35185813347607,7.47689707867216,"w",0.4,0,0,0.6,62,0.611870503597125
"w39iy",338,210,430,2606,3113,4450,435,2592,3162,429,2606,3081,436,2586,3091,"w","iy",129,7.59385160398799,5.34710753071747,7.47689707867216,"b",0.4,0.2,0,0.4,64.6,3.21187050359712
"w40aw",303,200,765,997,3477,4146,754,1036,3539,763,1153,3475,749,1655,2949,"w","aw",130,7.5386568855405,5.29831736654804,7.49172213463811,"w",0,0,0,1,64.3,2.91187050359712
"w40iy",271,198,383,2733,3326,4027,407,2637,3278,380,2714,3282,379,2740,3179,"w","iy",130,7.56344703371923,5.28826703069454,7.49172213463811,"w",0.1,0,0,0.9,63.9,2.51187050359712
"w41aw",332,198,957,2031,3066,4084,992,2063,3054,961,1846,3044,937,1559,2938,"w","aw",131,7.68206486792392,5.28826703069454,7.54914899713215,"w",0.2,0,0,0.8,64.6,3.21187050359712
"w41iy",263,229,438,2964,3632,4187,447,3033,3623,439,3007,3679,439,2967,3626,"w","iy",131,7.65795129810229,5.43372200355424,7.54914899713215,"w",0.2,0.1,0,0.7,63.9,2.51187050359712
"w42aw",387,237,799,1146,2770,4049,869,1236,2771,873,1302,2782,861,1507,2749,"w","aw",132,7.5351450348005,5.46806014113513,7.50028639224085,"g",0.2,0.6,0,0.2,57.4,-3.98812949640288
"w42iy",376,250,427,2772,3762,4365,369,2797,3708,434,2761,3794,446,2859,3859,"w","iy",132,7.64762087017675,5.52146091786225,7.50028639224085,"w",0.1,0.1,0,0.8,64,2.61187050359712
"w44aw",390,222,715,963,2455,3815,711,1007,2449,709,1298,2406,703,1548,2622,"w","aw",133,7.42561031748023,5.40267738187228,7.46135678292548,"g",0.2,0.5,0,0.3,61.7,0.311870503597127
"w44iy",368,226,437,2555,3583,4023,488,2591,3605,439,2549,3572,434,2590,3545,"w","iy",133,7.61022553913623,5.42053499927229,7.46135678292548,"w",0.2,0,0,0.8,64.8,3.41187050359712
"w45aw",351,196,790,1044,2933,3965,815,1018,2934,785,1047,2888,867,1529,2760,"w","aw",134,7.4980412598936,5.27811465923052,7.49795566454986,"w",0.3,0.1,0,0.6,61,-0.388129496402875
"w45iy",326,217,431,2522,3008,4257,431,2522,3008,421,2511,3052,417,2561,2932,"w","iy",134,7.5625295876849,5.37989735354046,7.49795566454986,"w",0,0,0,1,65.8,4.41187050359712
"w46aw",396,162,850,1182,2909,3824,855,1188,2906,856,1335,2923,818,1643,2934,"w","aw",135,7.53888876506567,5.08759633523238,7.53360907573101,"w",0.3,0,0.1,0.6,63.4,2.01187050359712
"w46iy",316,155,331,3049,3736,4993,332,3057,3750,363,2980,3772,373,2996,3620,"w","iy",135,7.65148409375667,5.04342511691925,7.53360907573101,"w",0.1,0,0,0.9,64.9,3.51187050359713
"w47aw",310,206,813,1117,2585,3653,799,1097,2561,837,1162,2600,793,1513,2699,"w","aw",136,7.46693603595836,5.32787616878958,7.49938929827614,"w",0.3,0,0,0.7,62.8,1.41187050359712
"w47iy",336,230,440,2757,3175,4202,446,2801,3405,440,2754,3179,452,2821,3264,"w","iy",136,7.61482465592352,5.4380793089232,7.49938929827614,"w",0.3,0,0,0.7,62,0.611870503597125
"w48aw",355,221,736,1098,2821,3492,736,1103,2778,721,1231,2839,723,1557,2814,"w","aw",137,7.45252898953403,5.39816270151775,7.47444519982882,"w",0.3,0.1,0,0.6,60.7,-0.688129496402873
"w48iy",279,255,489,2641,2952,3743,490,2653,2882,491,2688,2944,497,2622,2913,"w","iy",137,7.57211991859863,5.54126354515843,7.47444519982882,"w",0.1,0.2,0,0.7,64.1,2.71187050359712
"w49aw",318,219,677,1054,3278,3995,674,1066,3264,818,1179,3209,748,1655,3204,"w","aw",138,7.51712025487905,5.3890717298165,7.50315126357681,"w",0.1,0.1,0,0.8,63.2,1.81187050359713
"w49iy",290,243,419,2874,3367,4353,398,2885,3382,395,2860,3408,365,2899,3495,"w","iy",138,7.6137497487158,5.49306144334055,7.50315126357681,"w",0.1,0,0,0.9,63.8,2.41187050359712
"w50aw",361,246,995,1359,2941,3877,987,1354,2932,881,1351,2937,847,1704,2767,"w","aw",139,7.58291897958643,5.50533153593236,7.54839087134491,"w",0.3,0,0,0.7,62.3,0.911870503597122
"w50iy",314,231,437,2778,3139,3801,437,2823,3423,436,2805,3129,430,2839,3153,"w","iy",139,7.58333064017303,5.44241771052179,7.54839087134491,"w",0,0,0,1,65.2,3.81187050359713
